{
    "loss": 0.821847677230835,
    "accuracy": 0.9568345546722412
}