{
    "loss": 10.731095314025879,
    "accuracy": 0.5467625856399536
}