{
    "loss": 4.867987632751465,
    "accuracy": 0.5035971403121948
}